{"inputUnits":[34],"outputUnits":2,"inputs":{"0":{"dtype":"number","min":317.22862184163887,"max":432.06116258052356},"1":{"dtype":"number","min":95.87142646893653,"max":213.5531146252132},"2":{"dtype":"number","min":327.97739902667365,"max":432.39489995945263},"3":{"dtype":"number","min":89.10829956768549,"max":203.54404263561463},"4":{"dtype":"number","min":308.9385688885843,"max":434.91569950334275},"5":{"dtype":"number","min":89.98204638386329,"max":204.11893937555203},"6":{"dtype":"number","min":343.4401219537151,"max":442.1294339126081},"7":{"dtype":"number","min":98.23603341918707,"max":197.3658008835701},"8":{"dtype":"number","min":298.2613683629919,"max":445.73725412231204},"9":{"dtype":"number","min":96.33345427336516,"max":198.18224068505953},"10":{"dtype":"number","min":363.15967611866853,"max":455.61976709793413},"11":{"dtype":"number","min":153.11891195137363,"max":223.77192179361975},"12":{"dtype":"number","min":284.7257939091435,"max":473.1670827289306},"13":{"dtype":"number","min":155.29782300804092,"max":226.62544235616167},"14":{"dtype":"number","min":374.61685567339026,"max":449.0447504292687},"15":{"dtype":"number","min":216.22233846266596,"max":277.9468753509819},"16":{"dtype":"number","min":258.6268673723901,"max":455.0726449233979},"17":{"dtype":"number","min":222.51210233156672,"max":278.5912995217604},"18":{"dtype":"number","min":346.91052531638337,"max":430.9626195955927},"19":{"dtype":"number","min":262.52742982979635,"max":291.98221307051807},"20":{"dtype":"number","min":266.60582187347705,"max":432.69519828216374},"21":{"dtype":"number","min":259.8841770164683,"max":293.7520809062043},"22":{"dtype":"number","min":344.7677356504325,"max":477.15609797724966},"23":{"dtype":"number","min":273.8069917258696,"max":328.4155499493634},"24":{"dtype":"number","min":294.45859853287186,"max":486.569461339166},"25":{"dtype":"number","min":271.755203336303,"max":324.1480732521815},"26":{"dtype":"number","min":347.58542542336744,"max":479.36278164735313},"27":{"dtype":"number","min":316.4949972587719,"max":390.811161985639},"28":{"dtype":"number","min":282.12150350648756,"max":481.82040119728845},"29":{"dtype":"number","min":316.4260480557269,"max":387.9601943702028},"30":{"dtype":"number","min":347.90990163940666,"max":486.09620806301774},"31":{"dtype":"number","min":368.77215231138825,"max":469.2549320689419},"32":{"dtype":"number","min":285.81654093186523,"max":486.5492412128411},"33":{"dtype":"number","min":367.4113086603771,"max":464.57577532494975}},"outputs":{"0":{"dtype":"string","min":0,"max":1,"uniqueValues":["q","w"],"legend":{"q":[1,0],"w":[0,1]}}},"isNormalized":true}